INSERT IGNORE INTO `llx_ea_colors` (`id`, `name`, `active`) VALUES
(1, 'BEIGE', 1),
(2, 'BRONZE', 1),
(3, 'IVORY', 1),
(4, 'MILL FINISH', 1),
(5, 'ALUMINUM', 1),
(6, 'WHITE', 1),
(7, 'CLEAR', 1),
(8, 'NONE', 1);

INSERT IGNORE INTO `llx_ea_itemtypes` (`id`, `name`, `active`) VALUES
(1, '3F', 1),
(2, 'ADJ', 1),
(3, 'CEI', 1),
(4, 'EXT', 1),
(5, 'F', 1),
(6, 'H', 1),
(7, 'REM', 1),
(8, 'STD', 1),
(9, 'U', 1),
(10, 'WO', 1);

INSERT IGNORE INTO `llx_ea_mounts` (`id`, `name`, `active`) VALUES
(1, 'WW', 1),
(2, 'WFL', 1),
(3, 'CW', 1),
(4, 'CFL', 1);


INSERT IGNORE INTO `llx_ea_producttypes` (`id`, `name`, `active`) VALUES
(1, 'ACCORDION', 1),
(2, 'IMPACT WINDOWS AND DOORS', 1),
(3, 'PANELS', 1),
(4, 'ROLLDOWN', 1);

INSERT IGNORE INTO `llx_ea_windowtypes` (`id`, `name`, `active`) VALUES
(1, 'SLIDING DOOR', 1),
(2, 'FRENCH DOOR', 1),
(3, 'SINGLE DOOR', 1),
(4, 'FIX GLASS', 1),
(5, 'GLASS BLOCKS', 1),
(6, 'BAY WINDOW', 1),
(7, 'FRONT DOOR', 1),
(8, 'WINDOW', 1),
(9, 'ARCH', 1),
(10, 'TERRACE', 1),
(11, 'CORNER WINDOW', 1),
(12, 'COUNTER', 1),
(13, 'GARAGE', 1),
(14, 'STORE FRONT', 1),
(15, 'BALCONY', 1);

INSERT IGNORE INTO `llx_ea_stackingcharts` (`id`, `name`, `SQFEETPRICE`, `active`) VALUES
(1, 'RC AS 500', 14, 1),
(2, 'EMS HV 1', 15, 1),
(3, 'FS Performance 2', 14, 1),
(4, 'FS Panels', 9, 1),
(5, 'EMS HV 2', 16, 1),
(6, 'EMS Panels', 11, 1);

INSERT IGNORE INTO `llx_ea_stackingdata` (`STACKINGID`, `chartid`, `BLADES`, `MO`, `STACK`, `TRACK`, `active`) VALUES
(1, 1, 5, 17, 0, 21, 1),
(2, 1, 7, 23, 0, 27, 1),
(3, 1, 9, 29, 0, 34, 1),
(4, 1, 11, 35, 0, 41, 1),
(5, 1, 13, 41, 0, 47, 1),
(6, 1, 15, 47, 0, 54, 1),
(7, 1, 17, 53, 0, 61, 1),
(8, 1, 19, 59, 0, 67, 1),
(9, 1, 21, 65, 0, 74, 1),
(10, 1, 23, 71, 0, 81, 1),
(11, 1, 25, 77, 0, 87, 1),
(12, 1, 27, 83, 0, 94, 1),
(13, 1, 29, 89, 0, 100, 1),
(14, 1, 31, 95, 0, 107, 1),
(15, 1, 33, 101, 0, 114, 1),
(16, 1, 35, 107, 0, 120, 1),
(17, 1, 37, 113, 0, 127, 1),
(18, 1, 39, 119, 0, 133, 1),
(19, 1, 41, 125, 0, 140, 1),
(20, 1, 43, 131, 0, 146, 1),
(21, 1, 45, 137, 0, 156, 1),
(22, 1, 47, 143, 0, 162, 1),
(23, 1, 49, 149, 0, 169, 1),
(24, 1, 51, 155, 0, 175, 1),
(25, 1, 53, 161, 0, 182, 1),
(26, 1, 55, 167, 0, 188, 1),
(27, 1, 57, 173, 0, 196, 1),
(28, 1, 59, 179, 0, 201, 1),
(29, 1, 61, 185, 0, 208, 1),
(30, 1, 63, 191, 0, 215, 1),
(31, 1, 65, 197, 0, 221, 1),
(32, 1, 67, 203, 0, 229, 1),
(33, 1, 69, 209, 0, 234, 1),
(34, 1, 71, 215, 0, 241, 1),
(35, 1, 73, 221, 0, 248, 1),
(36, 1, 75, 227, 0, 254, 1),
(37, 1, 77, 233, 0, 261, 1),
(38, 1, 79, 239, 0, 267, 1),
(39, 1, 81, 245, 0, 274, 1),
(40, 1, 83, 251, 0, 280, 1),
(41, 1, 85, 257, 0, 286, 1),
(42, 1, 87, 263, 0, 293, 1),
(43, 1, 89, 269, 0, 299, 1),
(44, 1, 91, 275, 0, 306, 1),
(45, 1, 93, 281, 0, 312, 1),
(46, 1, 95, 287, 0, 319, 1),
(47, 1, 97, 293, 0, 325, 1),
(48, 1, 99, 299, 0, 332, 1),
(49, 1, 101, 305, 0, 338, 1),
(50, 1, 103, 311, 0, 345, 1),
(51, 1, 105, 317, 0, 351, 1),
(52, 1, 107, 323, 0, 358, 1),
(53, 1, 109, 329, 0, 364, 1),
(54, 1, 111, 335, 0, 371, 1),
(55, 1, 113, 341, 0, 377, 1),
(56, 1, 115, 347, 0, 384, 1),
(57, 1, 117, 353, 0, 390, 1),
(58, 1, 119, 359, 0, 397, 1),
(59, 1, 121, 365, 0, 403, 1),
(60, 1, 123, 371, 0, 410, 1),
(61, 1, 125, 377, 0, 416, 1),
(62, 1, 127, 383, 0, 423, 1),
(63, 1, 129, 389, 0, 429, 1),
(64, 1, 131, 395, 0, 436, 1),
(65, 1, 133, 401, 0, 442, 1),
(66, 1, 135, 407, 0, 449, 1),
(67, 1, 137, 413, 0, 455, 1),
(68, 1, 139, 419, 0, 462, 1),
(69, 1, 141, 425, 0, 468, 1),
(70, 1, 143, 431, 0, 475, 1),
(71, 1, 145, 437, 0, 481, 1),
(72, 1, 147, 443, 0, 488, 1),
(73, 1, 149, 449, 0, 494, 1),
(74, 1, 151, 455, 0, 501, 1),
(75, 1, 153, 461, 0, 507, 1),
(76, 1, 155, 467, 0, 514, 1),
(77, 1, 157, 473, 0, 520, 1),
(78, 1, 159, 479, 0, 527, 1),
(79, 1, 161, 485, 0, 533, 1),
(80, 1, 163, 491, 0, 540, 1),
(81, 1, 165, 497, 0, 546, 1),
(82, 1, 167, 503, 0, 553, 1),
(83, 1, 169, 509, 0, 559, 1),
(84, 1, 171, 515, 0, 566, 1),
(85, 1, 173, 521, 0, 572, 1),
(86, 1, 175, 527, 0, 579, 1),
(87, 1, 177, 533, 0, 585, 1),
(88, 1, 179, 539, 0, 592, 1),
(89, 1, 181, 545, 0, 598, 1),
(90, 1, 183, 551, 0, 605, 1),
(91, 1, 185, 557, 0, 611, 1),
(92, 1, 187, 563, 0, 618, 1),
(93, 1, 189, 569, 0, 624, 1),
(94, 1, 191, 575, 0, 631, 1),
(95, 1, 193, 581, 0, 637, 1),
(96, 1, 195, 587, 0, 644, 1),
(97, 1, 197, 593, 0, 650, 1),
(98, 1, 199, 599, 0, 657, 1),
(99, 1, 201, 605, 0, 663, 1),
(100, 1, 203, 611, 0, 670, 1),
(101, 1, 205, 617, 0, 676, 1),
(102, 1, 207, 623, 0, 683, 1),
(103, 1, 209, 629, 0, 689, 1),
(104, 1, 211, 635, 0, 696, 1),
(105, 1, 213, 641, 0, 702, 1),
(106, 1, 215, 647, 0, 709, 1),
(107, 1, 217, 653, 0, 715, 1),
(108, 1, 219, 659, 0, 722, 1),
(109, 1, 221, 665, 0, 728, 1),
(110, 1, 223, 671, 0, 735, 1),
(111, 1, 225, 677, 0, 741, 1),
(112, 1, 227, 683, 0, 748, 1),
(113, 1, 229, 689, 0, 754, 1),
(114, 1, 231, 695, 0, 761, 1),
(115, 1, 233, 701, 0, 767, 1),
(116, 1, 235, 707, 0, 774, 1),
(117, 1, 237, 713, 0, 780, 1),
(118, 1, 239, 719, 0, 787, 1),
(119, 1, 241, 725, 0, 793, 1),
(120, 1, 243, 731, 0, 800, 1),
(121, 1, 245, 737, 0, 806, 1),
(122, 1, 247, 743, 0, 813, 1),
(123, 1, 249, 749, 0, 819, 1),
(124, 1, 251, 755, 0, 826, 1),
(125, 1, 253, 761, 0, 832, 1),
(126, 1, 255, 767, 0, 839, 1),
(127, 1, 257, 773, 0, 845, 1),
(128, 1, 259, 779, 0, 852, 1),
(129, 1, 261, 785, 0, 858, 1),
(130, 1, 263, 791, 0, 865, 1),
(131, 1, 265, 797, 0, 871, 1),
(132, 1, 267, 803, 0, 878, 1),
(133, 1, 269, 809, 0, 884, 1),
(134, 1, 271, 815, 0, 891, 1),
(135, 1, 273, 821, 0, 897, 1),
(136, 1, 275, 827, 0, 904, 1),
(137, 1, 277, 833, 0, 910, 1),
(138, 1, 279, 839, 0, 917, 1),
(139, 1, 281, 845, 0, 923, 1),
(140, 1, 283, 851, 0, 930, 1),
(141, 1, 285, 857, 0, 936, 1),
(142, 1, 287, 863, 0, 943, 1),
(143, 1, 289, 869, 0, 949, 1),
(144, 1, 291, 875, 0, 956, 1),
(145, 1, 293, 881, 0, 962, 1),
(146, 1, 295, 887, 0, 969, 1),
(147, 1, 297, 893, 0, 975, 1),
(148, 1, 299, 899, 0, 982, 1),
(149, 1, 301, 905, 0, 988, 1),
(150, 1, 303, 911, 0, 995, 1),
(151, 1, 305, 917, 0, 1001, 1),
(152, 1, 307, 923, 0, 1008, 1),
(153, 1, 309, 929, 0, 1014, 1),
(154, 1, 311, 935, 0, 1021, 1),
(155, 1, 313, 941, 0, 1027, 1),
(156, 1, 315, 947, 0, 1034, 1),
(157, 1, 317, 953, 0, 1040, 1),
(158, 1, 319, 959, 0, 1047, 1),
(159, 1, 321, 965, 0, 1053, 1),
(160, 1, 323, 971, 0, 1060, 1),
(161, 1, 325, 977, 0, 1066, 1),
(162, 1, 327, 983, 0, 1073, 1),
(163, 1, 329, 989, 0, 1079, 1),
(164, 1, 331, 995, 0, 1086, 1),
(165, 1, 333, 1001, 0, 1092, 1),
(166, 1, 335, 1007, 0, 1099, 1),
(167, 1, 337, 1013, 0, 1105, 1),
(168, 1, 339, 1019, 0, 1112, 1),
(169, 1, 341, 1025, 0, 1118, 1),
(170, 1, 343, 1031, 0, 1125, 1),
(171, 1, 345, 1037, 0, 1131, 1),
(172, 1, 347, 1043, 0, 1138, 1),
(173, 1, 349, 1049, 0, 1144, 1),
(174, 1, 351, 1051, 0, 1147, 1),
(175, 2, 1, 7, 3.75, 10.75, 1),
(176, 2, 2, 10, 4, 14, 1),
(177, 2, 3, 13, 4.25, 17.25, 1),
(178, 2, 4, 16, 4.5, 20.5, 1),
(179, 2, 5, 19, 4.75, 23.75, 1),
(180, 2, 6, 22, 5, 27, 1),
(181, 2, 7, 25, 5.25, 30.25, 1),
(182, 2, 8, 28, 5.5, 33.5, 1),
(183, 2, 9, 31, 5.75, 36.75, 1),
(184, 2, 10, 34, 6, 40, 1),
(185, 2, 11, 37, 6.25, 43.25, 1),
(186, 2, 12, 40, 6.5, 46.5, 1),
(187, 2, 13, 43, 6.75, 49.75, 1),
(188, 2, 14, 46, 7, 53, 1),
(189, 2, 15, 49, 7.25, 56.25, 1),
(190, 2, 16, 52, 7.5, 59.5, 1),
(191, 2, 17, 55, 7.75, 62.75, 1),
(192, 2, 18, 58, 8, 66, 1),
(193, 2, 19, 61, 8.25, 69.25, 1),
(194, 2, 20, 64, 8.5, 72.5, 1),
(195, 2, 21, 67, 8.75, 75.75, 1),
(196, 2, 22, 70, 9, 79, 1),
(197, 2, 23, 73, 9.25, 82.25, 1),
(198, 2, 24, 76, 9.5, 85.5, 1),
(199, 2, 25, 79, 9.75, 88.75, 1),
(200, 2, 26, 82, 10, 92, 1),
(201, 2, 27, 85, 10.25, 95.25, 1),
(202, 2, 28, 88, 10.5, 98.5, 1),
(203, 2, 29, 91, 10.75, 101.75, 1),
(204, 2, 30, 94, 11, 105, 1),
(205, 2, 31, 97, 11.25, 108.25, 1),
(206, 2, 32, 100, 11.5, 111.5, 1),
(207, 2, 33, 103, 11.75, 114.75, 1),
(208, 2, 34, 106, 12, 118, 1),
(209, 2, 35, 109, 12.25, 121.25, 1),
(210, 2, 36, 112, 12.5, 124.5, 1),
(211, 2, 37, 115, 12.75, 127.75, 1),
(212, 2, 38, 118, 13, 131, 1),
(213, 2, 39, 121, 13.25, 134.25, 1),
(214, 2, 40, 124, 13.5, 137.5, 1),
(215, 2, 41, 127, 13.75, 140.75, 1),
(216, 2, 42, 130, 14, 144, 1),
(217, 2, 43, 133, 14.25, 147.25, 1),
(218, 2, 44, 136, 14.5, 150.5, 1),
(219, 2, 45, 139, 14.75, 153.75, 1),
(220, 2, 46, 142, 15, 157, 1),
(221, 2, 47, 145, 15.25, 160.25, 1),
(222, 2, 48, 148, 15.5, 163.5, 1),
(223, 2, 49, 151, 15.75, 166.75, 1),
(224, 2, 50, 154, 16, 170, 1),
(225, 2, 51, 157, 16.25, 173.25, 1),
(226, 2, 52, 160, 16.5, 176.5, 1),
(227, 2, 53, 163, 16.75, 179.75, 1),
(228, 2, 54, 166, 17, 183, 1),
(229, 2, 55, 169, 17.25, 186.25, 1),
(230, 2, 56, 172, 17.5, 189.5, 1),
(231, 2, 57, 175, 17.75, 192.75, 1),
(232, 2, 58, 178, 18, 196, 1),
(233, 2, 59, 181, 18.25, 199.25, 1),
(234, 2, 60, 184, 18.5, 202.5, 1),
(235, 2, 61, 187, 18.75, 205.75, 1),
(236, 2, 62, 190, 19, 209, 1),
(237, 2, 63, 193, 19.25, 212.25, 1),
(238, 2, 64, 196, 19.5, 215.5, 1),
(239, 2, 65, 199, 19.75, 218.75, 1),
(240, 2, 66, 202, 20, 222, 1),
(241, 2, 67, 205, 20.25, 225.25, 1),
(242, 2, 68, 208, 20.5, 228.5, 1),
(243, 2, 69, 211, 20.75, 231.75, 1),
(244, 2, 70, 214, 21, 235, 1),
(245, 2, 71, 217, 21.25, 238.25, 1),
(246, 2, 72, 220, 21.5, 241.5, 1),
(247, 2, 73, 223, 21.75, 244.75, 1),
(248, 2, 74, 226, 22, 248, 1),
(249, 2, 75, 229, 22.25, 251.25, 1),
(250, 2, 76, 232, 22.5, 254.5, 1),
(251, 2, 77, 235, 22.75, 257.75, 1),
(252, 2, 78, 238, 23, 261, 1),
(253, 2, 79, 241, 23.25, 264.25, 1),
(254, 2, 80, 244, 23.5, 267.5, 1),
(255, 2, 81, 247, 23.75, 270.75, 1),
(256, 2, 82, 250, 24, 274, 1),
(257, 2, 83, 253, 24.25, 277.25, 1),
(258, 2, 84, 256, 24.5, 280.5, 1),
(259, 2, 85, 259, 24.75, 283.75, 1),
(260, 2, 86, 262, 25, 287, 1),
(261, 2, 87, 265, 25.25, 290.25, 1),
(262, 2, 88, 268, 25.5, 293.5, 1),
(263, 2, 89, 271, 25.75, 296.75, 1),
(264, 2, 90, 274, 26, 300, 1),
(265, 2, 91, 277, 26.25, 303.25, 1),
(266, 2, 92, 280, 26.5, 306.5, 1),
(267, 2, 93, 283, 26.75, 309.75, 1),
(268, 2, 94, 286, 27, 313, 1),
(269, 2, 95, 289, 27.25, 316.25, 1),
(270, 2, 96, 292, 27.5, 319.5, 1),
(271, 2, 97, 295, 27.75, 322.75, 1),
(272, 2, 98, 298, 28, 326, 1),
(273, 2, 99, 301, 28.25, 329.25, 1),
(274, 2, 100, 304, 28.5, 332.5, 1),
(275, 2, 101, 307, 28.75, 335.75, 1),
(276, 2, 102, 310, 29, 339, 1),
(277, 2, 103, 313, 29.25, 342.25, 1),
(278, 2, 104, 316, 29.5, 345.5, 1),
(279, 2, 105, 319, 29.75, 348.75, 1),
(280, 2, 106, 322, 30, 352, 1),
(281, 2, 107, 325, 30.25, 355.25, 1),
(282, 2, 108, 328, 30.5, 358.5, 1),
(283, 2, 109, 331, 30.75, 361.75, 1),
(284, 2, 110, 334, 31, 365, 1),
(285, 2, 111, 337, 31.25, 368.25, 1),
(286, 2, 112, 340, 31.5, 371.5, 1),
(287, 2, 113, 343, 31.75, 374.75, 1),
(288, 2, 114, 346, 32, 378, 1),
(289, 2, 115, 349, 32.25, 381.25, 1),
(290, 2, 116, 352, 32.5, 384.5, 1),
(291, 2, 117, 355, 32.75, 387.75, 1),
(292, 2, 118, 358, 33, 391, 1),
(293, 2, 119, 361, 33.25, 394.25, 1),
(294, 2, 120, 364, 33.5, 397.5, 1),
(295, 2, 121, 367, 33.75, 400.75, 1),
(296, 2, 122, 370, 34, 404, 1),
(297, 2, 123, 373, 34.25, 407.25, 1),
(298, 2, 124, 376, 34.5, 410.5, 1),
(299, 2, 125, 379, 34.75, 413.75, 1),
(300, 2, 126, 382, 35, 417, 1),
(301, 2, 127, 385, 35.25, 420.25, 1),
(302, 2, 128, 388, 35.5, 423.5, 1),
(303, 2, 129, 391, 35.75, 426.75, 1),
(304, 2, 130, 394, 36, 430, 1),
(305, 2, 131, 397, 36.25, 433.25, 1),
(306, 2, 132, 400, 36.5, 436.5, 1),
(307, 2, 133, 403, 36.75, 439.75, 1),
(308, 2, 134, 406, 37, 443, 1),
(309, 2, 135, 409, 37.25, 446.25, 1),
(310, 2, 136, 412, 37.5, 449.5, 1),
(311, 2, 137, 415, 37.75, 452.75, 1),
(312, 2, 138, 418, 38, 456, 1),
(313, 2, 139, 421, 38.25, 459.25, 1),
(314, 2, 140, 424, 38.5, 462.5, 1),
(315, 2, 141, 427, 38.75, 465.75, 1),
(316, 2, 142, 430, 39, 469, 1),
(317, 2, 143, 433, 39.25, 472.25, 1),
(318, 2, 144, 436, 39.5, 475.5, 1),
(319, 2, 145, 439, 39.75, 478.75, 1),
(320, 2, 146, 442, 40, 482, 1),
(321, 2, 147, 445, 40.25, 485.25, 1),
(322, 2, 148, 448, 40.5, 488.5, 1),
(323, 2, 149, 451, 40.75, 491.75, 1),
(324, 2, 150, 454, 41, 495, 1),
(325, 2, 151, 457, 41.25, 498.25, 1),
(326, 2, 152, 460, 41.5, 501.5, 1),
(327, 2, 153, 463, 41.75, 504.75, 1),
(328, 2, 154, 466, 42, 508, 1),
(329, 2, 155, 469, 42.25, 511.25, 1),
(330, 2, 156, 472, 42.5, 514.5, 1),
(331, 2, 157, 475, 42.75, 517.75, 1),
(332, 2, 158, 478, 43, 521, 1),
(333, 2, 159, 481, 43.25, 524.25, 1),
(334, 2, 160, 484, 43.5, 527.5, 1),
(335, 2, 161, 487, 43.75, 530.75, 1),
(336, 2, 162, 490, 44, 534, 1),
(337, 2, 163, 493, 44.25, 537.25, 1),
(338, 2, 164, 496, 44.5, 540.5, 1),
(339, 2, 165, 499, 44.75, 543.75, 1),
(340, 2, 166, 502, 45, 547, 1),
(341, 2, 167, 505, 45.25, 550.25, 1),
(342, 2, 168, 508, 45.5, 553.5, 1),
(343, 2, 169, 511, 45.75, 556.75, 1),
(344, 2, 170, 514, 46, 560, 1),
(345, 2, 171, 517, 46.25, 563.25, 1),
(346, 2, 172, 520, 46.5, 566.5, 1),
(347, 2, 173, 523, 46.75, 569.75, 1),
(348, 2, 174, 526, 47, 573, 1),
(349, 2, 175, 529, 47.25, 576.25, 1),
(350, 2, 176, 532, 47.5, 579.5, 1),
(351, 2, 177, 535, 47.75, 582.75, 1),
(352, 2, 178, 538, 48, 586, 1),
(353, 2, 179, 541, 48.25, 589.25, 1),
(354, 2, 180, 544, 48.5, 592.5, 1),
(355, 2, 181, 547, 48.75, 595.75, 1),
(356, 2, 182, 550, 49, 599, 1),
(357, 2, 183, 553, 49.25, 602.25, 1),
(358, 2, 184, 556, 49.5, 605.5, 1),
(359, 2, 185, 559, 49.75, 608.75, 1),
(360, 2, 186, 562, 50, 612, 1),
(361, 2, 187, 565, 50.25, 615.25, 1),
(362, 2, 188, 568, 50.5, 618.5, 1),
(363, 2, 189, 571, 50.75, 621.75, 1),
(364, 2, 190, 574, 51, 625, 1),
(365, 2, 191, 577, 51.25, 628.25, 1),
(366, 2, 192, 580, 51.5, 631.5, 1),
(367, 2, 193, 583, 51.75, 634.75, 1),
(368, 2, 194, 586, 52, 638, 1),
(369, 2, 195, 589, 52.25, 641.25, 1),
(370, 2, 196, 592, 52.5, 644.5, 1),
(371, 2, 197, 595, 52.75, 647.75, 1),
(372, 2, 198, 598, 53, 651, 1),
(373, 2, 199, 601, 53.25, 654.25, 1),
(374, 2, 200, 604, 53.5, 657.5, 1),
(375, 2, 201, 607, 53.75, 660.75, 1),
(376, 2, 202, 610, 54, 664, 1),
(377, 2, 203, 613, 54.25, 667.25, 1),
(378, 2, 204, 616, 54.5, 670.5, 1),
(379, 2, 205, 619, 54.75, 673.75, 1),
(380, 2, 206, 622, 55, 677, 1),
(381, 2, 207, 625, 55.25, 680.25, 1),
(382, 2, 208, 628, 55.5, 683.5, 1),
(383, 2, 209, 631, 55.75, 686.75, 1),
(384, 2, 210, 634, 56, 690, 1),
(385, 2, 211, 637, 56.25, 693.25, 1),
(386, 2, 212, 640, 56.5, 696.5, 1),
(387, 2, 213, 643, 56.75, 699.75, 1),
(388, 2, 214, 646, 57, 703, 1),
(389, 2, 215, 649, 57.25, 706.25, 1),
(390, 2, 216, 652, 57.5, 709.5, 1),
(391, 2, 217, 655, 57.75, 712.75, 1),
(392, 2, 218, 658, 58, 716, 1),
(393, 2, 219, 661, 58.25, 719.25, 1),
(394, 2, 220, 664, 58.5, 722.5, 1),
(395, 2, 221, 667, 58.75, 725.75, 1),
(396, 2, 222, 670, 59, 729, 1),
(397, 2, 223, 673, 59.25, 732.25, 1),
(398, 2, 224, 676, 59.5, 735.5, 1),
(399, 2, 225, 679, 59.75, 738.75, 1),
(400, 2, 226, 682, 60, 742, 1),
(401, 2, 227, 685, 60.25, 745.25, 1),
(402, 2, 228, 688, 60.5, 748.5, 1),
(403, 2, 229, 691, 60.75, 751.75, 1),
(404, 2, 230, 694, 61, 755, 1),
(405, 2, 231, 697, 61.25, 758.25, 1),
(406, 2, 232, 700, 61.5, 761.5, 1),
(407, 2, 233, 703, 61.75, 764.75, 1),
(408, 2, 234, 706, 62, 768, 1),
(409, 2, 235, 709, 62.25, 771.25, 1),
(410, 2, 236, 712, 62.5, 774.5, 1),
(411, 2, 237, 715, 62.75, 777.75, 1),
(412, 2, 238, 718, 63, 781, 1),
(413, 2, 239, 721, 63.25, 784.25, 1),
(414, 2, 240, 724, 63.5, 787.5, 1),
(415, 2, 241, 727, 63.75, 790.75, 1),
(416, 2, 242, 730, 64, 794, 1),
(417, 2, 243, 733, 64.25, 797.25, 1),
(418, 2, 244, 736, 64.5, 800.5, 1),
(419, 2, 245, 739, 64.75, 803.75, 1),
(420, 2, 246, 742, 65, 807, 1),
(421, 2, 247, 745, 65.25, 810.25, 1),
(422, 2, 248, 748, 65.5, 813.5, 1),
(423, 2, 249, 751, 65.75, 816.75, 1),
(424, 2, 250, 754, 66, 820, 1),
(425, 2, 251, 757, 66.25, 823.25, 1),
(426, 2, 252, 760, 66.5, 826.5, 1),
(427, 2, 253, 763, 66.75, 829.75, 1),
(428, 2, 254, 766, 67, 833, 1),
(429, 2, 255, 769, 67.25, 836.25, 1),
(430, 2, 256, 772, 67.5, 839.5, 1),
(431, 2, 257, 775, 67.75, 842.75, 1),
(432, 2, 258, 778, 68, 846, 1),
(433, 2, 259, 781, 68.25, 849.25, 1),
(434, 2, 260, 784, 68.5, 852.5, 1),
(435, 2, 261, 787, 68.75, 855.75, 1),
(436, 2, 262, 790, 69, 859, 1),
(437, 2, 263, 793, 69.25, 862.25, 1),
(438, 2, 264, 796, 69.5, 865.5, 1),
(439, 2, 265, 799, 69.75, 868.75, 1),
(440, 2, 266, 802, 70, 872, 1),
(441, 2, 267, 805, 70.25, 875.25, 1),
(442, 2, 268, 808, 70.5, 878.5, 1),
(443, 2, 269, 811, 70.75, 881.75, 1),
(444, 2, 270, 814, 71, 885, 1),
(445, 2, 271, 817, 71.25, 888.25, 1),
(446, 2, 272, 820, 71.5, 891.5, 1),
(447, 2, 273, 823, 71.75, 894.75, 1),
(448, 2, 274, 826, 72, 898, 1),
(449, 2, 275, 829, 72.25, 901.25, 1),
(450, 2, 276, 832, 72.5, 904.5, 1),
(451, 2, 277, 835, 72.75, 907.75, 1),
(452, 2, 278, 838, 73, 911, 1),
(453, 2, 279, 841, 73.25, 914.25, 1),
(454, 2, 280, 844, 73.5, 917.5, 1),
(455, 2, 281, 847, 73.75, 920.75, 1),
(456, 2, 282, 850, 74, 924, 1),
(457, 2, 283, 853, 74.25, 927.25, 1),
(458, 2, 284, 856, 74.5, 930.5, 1),
(459, 2, 285, 859, 74.75, 933.75, 1),
(460, 2, 286, 862, 75, 937, 1),
(461, 2, 287, 865, 75.25, 940.25, 1),
(462, 2, 288, 868, 75.5, 943.5, 1),
(463, 2, 289, 871, 75.75, 946.75, 1),
(464, 2, 290, 874, 76, 950, 1),
(465, 2, 291, 877, 76.25, 953.25, 1),
(466, 2, 292, 880, 76.5, 956.5, 1),
(467, 2, 293, 883, 76.75, 959.75, 1),
(468, 2, 294, 886, 77, 963, 1),
(469, 2, 295, 889, 77.25, 966.25, 1),
(470, 2, 296, 892, 77.5, 969.5, 1),
(471, 2, 297, 895, 77.75, 972.75, 1),
(472, 2, 298, 898, 78, 976, 1),
(473, 2, 299, 901, 78.25, 979.25, 1),
(474, 2, 300, 904, 78.5, 982.5, 1),
(475, 2, 301, 907, 78.75, 985.75, 1),
(476, 2, 302, 910, 79, 989, 1),
(477, 2, 303, 913, 79.25, 992.25, 1),
(478, 2, 304, 916, 79.5, 995.5, 1),
(479, 2, 305, 919, 79.75, 998.75, 1),
(480, 2, 306, 922, 80, 1002, 1),
(481, 2, 307, 925, 80.25, 1005.25, 1),
(482, 2, 308, 928, 80.5, 1008.5, 1),
(483, 2, 309, 931, 80.75, 1011.75, 1),
(484, 2, 310, 934, 81, 1015, 1),
(485, 2, 311, 937, 81.25, 1018.25, 1),
(486, 2, 312, 940, 81.5, 1021.5, 1),
(487, 2, 313, 943, 81.75, 1024.75, 1),
(488, 2, 314, 946, 82, 1028, 1),
(489, 2, 315, 949, 82.25, 1031.25, 1),
(490, 2, 316, 952, 82.5, 1034.5, 1),
(491, 2, 317, 955, 82.75, 1037.75, 1),
(492, 2, 318, 958, 83, 1041, 1),
(493, 2, 319, 961, 83.25, 1044.25, 1),
(494, 2, 320, 964, 83.5, 1047.5, 1),
(495, 2, 321, 967, 83.75, 1050.75, 1),
(496, 2, 322, 970, 84, 1054, 1),
(497, 2, 323, 973, 84.25, 1057.25, 1),
(498, 2, 324, 976, 84.5, 1060.5, 1),
(499, 2, 325, 979, 84.75, 1063.75, 1),
(500, 2, 326, 982, 85, 1067, 1),
(501, 2, 327, 985, 85.25, 1070.25, 1),
(502, 2, 328, 988, 85.5, 1073.5, 1),
(503, 2, 329, 991, 85.75, 1076.75, 1),
(504, 2, 330, 994, 86, 1080, 1),
(505, 2, 331, 997, 86.25, 1083.25, 1),
(506, 2, 332, 1000, 86.5, 1086.5, 1),
(507, 2, 333, 1003, 86.75, 1089.75, 1),
(508, 2, 334, 1006, 87, 1093, 1),
(509, 2, 335, 1009, 87.25, 1096.25, 1),
(510, 2, 336, 1012, 87.5, 1099.5, 1),
(511, 2, 337, 1015, 87.75, 1102.75, 1),
(512, 2, 338, 1018, 88, 1106, 1),
(513, 2, 339, 1021, 88.25, 1109.25, 1),
(514, 2, 340, 1024, 88.5, 1112.5, 1),
(515, 2, 341, 1027, 88.75, 1115.75, 1),
(516, 2, 342, 1030, 89, 1119, 1),
(517, 2, 343, 1033, 89.25, 1122.25, 1),
(518, 2, 344, 1036, 89.5, 1125.5, 1),
(519, 2, 345, 1039, 89.75, 1128.75, 1),
(520, 2, 346, 1042, 90, 1132, 1),
(521, 2, 347, 1045, 90.25, 1135.25, 1),
(522, 2, 348, 1048, 90.5, 1138.5, 1),
(523, 2, 349, 1051, 90.75, 1141.75, 1),
(524, 3, 5, 17, 0, 22, 1),
(525, 3, 7, 25, 0, 29, 1),
(526, 3, 9, 30, 0, 36, 1),
(527, 3, 11, 38, 0, 43, 1),
(528, 3, 13, 45, 0, 50, 1),
(529, 3, 15, 51, 0, 57, 1),
(530, 3, 17, 58, 0, 64, 1),
(531, 3, 19, 64, 0, 71, 1),
(532, 3, 21, 71, 0, 78, 1),
(533, 3, 23, 77, 0, 85, 1),
(534, 3, 25, 84, 0, 92, 1),
(535, 3, 27, 90, 0, 99, 1),
(536, 3, 29, 97, 0, 106, 1),
(537, 3, 31, 103, 0, 113, 1),
(538, 3, 33, 110, 0, 120, 1),
(539, 3, 35, 116, 0, 127, 1),
(540, 3, 37, 123, 0, 134, 1),
(541, 3, 39, 129, 0, 141, 1),
(542, 3, 41, 136, 0, 148, 1),
(543, 3, 43, 142, 0, 155, 1),
(544, 3, 45, 149, 0, 162, 1),
(545, 3, 47, 155, 0, 169, 1),
(546, 3, 49, 162, 0, 176, 1),
(547, 3, 51, 168, 0, 183, 1),
(548, 3, 53, 175, 0, 190, 1),
(549, 3, 55, 181, 0, 197, 1),
(550, 3, 57, 188, 0, 204, 1),
(551, 3, 59, 194, 0, 211, 1),
(552, 3, 61, 201, 0, 218, 1),
(553, 3, 63, 207, 0, 225, 1),
(554, 3, 65, 213, 0, 232, 1),
(555, 3, 67, 220, 0, 239, 1),
(556, 3, 69, 226, 0, 246, 1),
(557, 3, 71, 233, 0, 253, 1),
(558, 3, 73, 239, 0, 260, 1),
(559, 3, 75, 246, 0, 267, 1),
(560, 3, 77, 252, 0, 274, 1),
(561, 3, 79, 259, 0, 281, 1),
(562, 3, 81, 265, 0, 288, 1),
(563, 3, 83, 272, 0, 295, 1),
(564, 3, 85, 278, 0, 302, 1),
(565, 3, 87, 285, 0, 309, 1),
(566, 3, 89, 291, 0, 316, 1),
(567, 3, 91, 298, 0, 323, 1),
(568, 3, 93, 304, 0, 330, 1),
(569, 3, 95, 311, 0, 337, 1),
(570, 3, 97, 317, 0, 344, 1),
(571, 3, 99, 324, 0, 351, 1),
(572, 3, 101, 330, 0, 358, 1),
(573, 3, 103, 337, 0, 365, 1),
(574, 3, 105, 343, 0, 372, 1),
(575, 3, 107, 350, 0, 379, 1),
(576, 3, 109, 356, 0, 386, 1),
(577, 3, 111, 363, 0, 393, 1),
(578, 3, 113, 369, 0, 400, 1),
(579, 3, 115, 376, 0, 407, 1),
(580, 3, 117, 382, 0, 414, 1),
(581, 3, 119, 389, 0, 421, 1),
(582, 3, 121, 395, 0, 428, 1),
(583, 3, 123, 402, 0, 435, 1),
(584, 3, 125, 408, 0, 442, 1),
(585, 3, 127, 415, 0, 449, 1),
(586, 3, 129, 421, 0, 456, 1),
(587, 3, 131, 428, 0, 463, 1),
(588, 3, 133, 434, 0, 470, 1),
(589, 3, 135, 441, 0, 477, 1),
(590, 3, 137, 447, 0, 484, 1),
(591, 3, 139, 454, 0, 491, 1),
(592, 3, 141, 460, 0, 498, 1),
(593, 3, 143, 467, 0, 505, 1),
(594, 3, 145, 473, 0, 512, 1),
(595, 3, 147, 480, 0, 519, 1),
(596, 3, 149, 486, 0, 526, 1),
(597, 3, 151, 493, 0, 533, 1),
(598, 3, 153, 499, 0, 540, 1),
(599, 3, 155, 506, 0, 547, 1),
(600, 3, 157, 512, 0, 554, 1),
(601, 3, 159, 519, 0, 561, 1),
(602, 3, 161, 525, 0, 568, 1),
(603, 3, 163, 532, 0, 575, 1),
(604, 3, 165, 538, 0, 582, 1),
(605, 3, 167, 544, 0, 589, 1),
(606, 3, 169, 551, 0, 596, 1),
(607, 3, 171, 557, 0, 603, 1),
(608, 3, 173, 564, 0, 610, 1),
(609, 3, 175, 570, 0, 617, 1),
(610, 3, 177, 577, 0, 624, 1),
(611, 3, 179, 583, 0, 631, 1),
(612, 3, 181, 590, 0, 638, 1),
(613, 3, 183, 596, 0, 645, 1),
(614, 3, 185, 603, 0, 652, 1),
(615, 3, 187, 609, 0, 659, 1),
(616, 3, 189, 616, 0, 666, 1),
(617, 3, 191, 622, 0, 673, 1),
(618, 3, 193, 629, 0, 680, 1),
(619, 3, 195, 635, 0, 687, 1),
(620, 3, 197, 642, 0, 694, 1),
(621, 3, 199, 648, 0, 701, 1),
(622, 3, 201, 655, 0, 708, 1),
(623, 3, 203, 661, 0, 715, 1),
(624, 3, 205, 668, 0, 722, 1),
(625, 3, 207, 674, 0, 729, 1),
(626, 3, 209, 681, 0, 736, 1),
(627, 3, 211, 687, 0, 743, 1),
(628, 3, 213, 694, 0, 750, 1),
(629, 3, 215, 700, 0, 757, 1),
(630, 3, 217, 707, 0, 764, 1),
(631, 3, 219, 713, 0, 771, 1),
(632, 3, 221, 720, 0, 778, 1),
(633, 3, 223, 726, 0, 785, 1),
(634, 3, 225, 733, 0, 792, 1),
(635, 3, 227, 739, 0, 799, 1),
(636, 3, 229, 746, 0, 806, 1),
(637, 3, 231, 752, 0, 813, 1),
(638, 3, 233, 759, 0, 820, 1),
(639, 3, 235, 765, 0, 827, 1),
(640, 3, 237, 772, 0, 834, 1),
(641, 3, 239, 778, 0, 841, 1),
(642, 3, 241, 785, 0, 848, 1),
(643, 3, 243, 791, 0, 855, 1),
(644, 3, 245, 798, 0, 862, 1),
(645, 3, 247, 804, 0, 869, 1),
(646, 3, 249, 811, 0, 876, 1),
(647, 3, 251, 817, 0, 883, 1),
(648, 3, 253, 824, 0, 890, 1),
(649, 3, 255, 830, 0, 897, 1),
(650, 3, 257, 837, 0, 904, 1),
(651, 3, 259, 843, 0, 911, 1),
(652, 3, 261, 850, 0, 918, 1),
(653, 3, 263, 856, 0, 925, 1),
(654, 3, 265, 863, 0, 932, 1),
(655, 3, 267, 869, 0, 939, 1),
(656, 3, 269, 875, 0, 946, 1),
(657, 3, 271, 882, 0, 953, 1),
(658, 3, 273, 888, 0, 960, 1),
(659, 3, 275, 895, 0, 967, 1),
(660, 3, 277, 901, 0, 974, 1),
(661, 3, 279, 908, 0, 981, 1),
(662, 3, 281, 914, 0, 988, 1),
(663, 3, 283, 921, 0, 995, 1),
(664, 3, 285, 927, 0, 1002, 1),
(665, 3, 287, 934, 0, 1009, 1),
(666, 3, 289, 940, 0, 1016, 1),
(667, 3, 291, 947, 0, 1023, 1),
(668, 3, 293, 953, 0, 1030, 1),
(669, 3, 295, 960, 0, 1037, 1),
(670, 3, 297, 966, 0, 1044, 1),
(671, 3, 299, 973, 0, 1051, 1),
(672, 3, 301, 979, 0, 1058, 1),
(673, 3, 303, 986, 0, 1065, 1),
(674, 3, 305, 992, 0, 1072, 1),
(675, 3, 307, 999, 0, 1079, 1),
(676, 3, 309, 1005, 0, 1086, 1),
(677, 3, 311, 1012, 0, 1093, 1),
(678, 3, 313, 1018, 0, 1100, 1),
(679, 3, 315, 1025, 0, 1107, 1),
(680, 3, 317, 1031, 0, 1114, 1),
(681, 3, 319, 1038, 0, 1121, 1),
(682, 3, 321, 1044, 0, 1128, 1),
(683, 3, 323, 1051, 0, 1135, 1),
(684, 4, 1, 15, 0, 15, 1),
(685, 4, 2, 21, 0, 21, 1),
(686, 4, 2, 27, 0, 27, 1),
(687, 4, 3, 31, 0, 34, 1),
(688, 4, 3, 40, 0, 40, 1),
(689, 4, 4, 43, 0, 46, 1),
(690, 4, 4, 52, 0, 52, 1),
(691, 4, 5, 59, 0, 59, 1),
(692, 4, 5, 65, 0, 65, 1),
(693, 4, 6, 71, 0, 71, 1),
(694, 4, 6, 77, 0, 77, 1),
(695, 4, 7, 84, 0, 84, 1),
(696, 4, 7, 90, 0, 90, 1),
(697, 4, 8, 96, 0, 96, 1),
(698, 4, 8, 102, 0, 102, 1),
(699, 4, 9, 109, 0, 109, 1),
(700, 4, 9, 115, 0, 115, 1),
(701, 4, 10, 121, 0, 121, 1),
(702, 4, 10, 127, 0, 127, 1),
(703, 4, 11, 134, 0, 134, 1),
(704, 4, 11, 140, 0, 140, 1),
(705, 4, 12, 146, 0, 146, 1),
(706, 4, 12, 152, 0, 152, 1),
(707, 4, 13, 159, 0, 159, 1),
(708, 4, 13, 165, 0, 165, 1),
(709, 4, 14, 171, 0, 171, 1),
(710, 4, 14, 177, 0, 177, 1),
(711, 4, 15, 184, 0, 184, 1),
(712, 4, 15, 190, 0, 190, 1),
(713, 4, 16, 196, 0, 196, 1),
(714, 4, 16, 202, 0, 202, 1),
(715, 4, 17, 209, 0, 209, 1),
(716, 4, 17, 215, 0, 215, 1),
(717, 4, 18, 221, 0, 221, 1),
(718, 4, 18, 227, 0, 227, 1),
(719, 4, 19, 234, 0, 234, 1),
(720, 4, 19, 240, 0, 240, 1),
(721, 4, 20, 246, 0, 246, 1),
(722, 4, 20, 252, 0, 252, 1),
(723, 4, 21, 259, 0, 259, 1),
(724, 4, 21, 265, 0, 265, 1),
(725, 4, 22, 271, 0, 271, 1),
(726, 4, 22, 277, 0, 277, 1),
(727, 4, 23, 284, 0, 284, 1),
(728, 4, 23, 290, 0, 290, 1),
(729, 4, 24, 296, 0, 296, 1),
(730, 4, 24, 302, 0, 302, 1),
(731, 4, 25, 309, 0, 309, 1),
(732, 4, 25, 315, 0, 315, 1),
(733, 4, 26, 321, 0, 321, 1),
(734, 4, 26, 328, 0, 328, 1),
(735, 4, 27, 334, 0, 334, 1),
(736, 4, 27, 340, 0, 340, 1),
(737, 4, 28, 347, 0, 347, 1),
(738, 4, 28, 353, 0, 353, 1),
(739, 4, 29, 359, 0, 359, 1),
(740, 4, 29, 365, 0, 365, 1),
(741, 4, 30, 372, 0, 372, 1),
(742, 4, 30, 378, 0, 378, 1),
(743, 4, 31, 384, 0, 384, 1),
(744, 4, 31, 391, 0, 391, 1),
(745, 4, 32, 397, 0, 397, 1),
(746, 4, 32, 403, 0, 403, 1),
(747, 4, 33, 410, 0, 410, 1),
(748, 4, 33, 416, 0, 416, 1),
(749, 4, 34, 422, 0, 422, 1),
(750, 4, 34, 428, 0, 428, 1),
(751, 4, 35, 435, 0, 435, 1),
(752, 4, 35, 441, 0, 441, 1),
(753, 4, 36, 447, 0, 447, 1),
(754, 4, 36, 454, 0, 454, 1),
(755, 4, 37, 460, 0, 460, 1),
(756, 4, 37, 466, 0, 466, 1),
(757, 4, 38, 473, 0, 473, 1),
(758, 4, 38, 479, 0, 479, 1),
(759, 4, 39, 485, 0, 485, 1),
(760, 4, 39, 491, 0, 491, 1),
(761, 4, 40, 498, 0, 498, 1),
(762, 4, 40, 504, 0, 504, 1),
(763, 4, 41, 510, 0, 510, 1),
(764, 4, 41, 517, 0, 517, 1),
(765, 4, 42, 523, 0, 523, 1),
(766, 4, 42, 529, 0, 529, 1),
(767, 4, 43, 536, 0, 536, 1),
(768, 4, 43, 542, 0, 542, 1),
(769, 4, 44, 548, 0, 548, 1),
(770, 4, 44, 554, 0, 554, 1),
(771, 4, 45, 561, 0, 561, 1),
(772, 4, 45, 567, 0, 567, 1),
(773, 4, 46, 573, 0, 573, 1),
(774, 4, 46, 580, 0, 580, 1),
(775, 4, 47, 586, 0, 586, 1),
(776, 4, 47, 592, 0, 592, 1),
(777, 4, 48, 599, 0, 599, 1),
(778, 4, 48, 605, 0, 605, 1),
(779, 4, 49, 611, 0, 611, 1),
(780, 4, 49, 617, 0, 617, 1),
(781, 4, 50, 624, 0, 624, 1),
(782, 4, 50, 630, 0, 630, 1),
(783, 4, 51, 636, 0, 636, 1),
(784, 4, 51, 643, 0, 643, 1),
(785, 4, 52, 649, 0, 649, 1),
(786, 4, 52, 655, 0, 655, 1),
(787, 4, 53, 662, 0, 662, 1),
(788, 4, 53, 668, 0, 668, 1),
(789, 4, 54, 674, 0, 674, 1),
(790, 4, 54, 680, 0, 680, 1),
(791, 4, 55, 687, 0, 687, 1),
(792, 4, 55, 693, 0, 693, 1),
(793, 4, 56, 699, 0, 699, 1),
(794, 4, 56, 706, 0, 706, 1),
(795, 4, 57, 712, 0, 712, 1),
(796, 4, 57, 718, 0, 718, 1),
(797, 4, 58, 725, 0, 725, 1),
(798, 4, 58, 731, 0, 731, 1),
(799, 4, 59, 737, 0, 737, 1),
(800, 4, 59, 743, 0, 743, 1),
(801, 4, 60, 750, 0, 750, 1),
(802, 4, 60, 756, 0, 756, 1),
(803, 4, 61, 762, 0, 762, 1),
(804, 4, 61, 769, 0, 769, 1),
(805, 4, 62, 775, 0, 775, 1),
(806, 4, 62, 781, 0, 781, 1),
(807, 4, 63, 788, 0, 788, 1),
(808, 4, 63, 794, 0, 794, 1),
(809, 4, 64, 800, 0, 800, 1),
(810, 4, 64, 806, 0, 806, 1),
(811, 4, 65, 813, 0, 813, 1),
(812, 4, 65, 819, 0, 819, 1),
(813, 4, 66, 825, 0, 825, 1),
(814, 4, 66, 832, 0, 832, 1),
(815, 4, 67, 838, 0, 838, 1),
(816, 4, 67, 844, 0, 844, 1),
(817, 4, 68, 851, 0, 851, 1),
(818, 4, 68, 857, 0, 857, 1),
(819, 4, 69, 863, 0, 863, 1),
(820, 4, 69, 869, 0, 869, 1),
(821, 4, 70, 876, 0, 876, 1),
(822, 4, 70, 882, 0, 882, 1),
(823, 4, 71, 888, 0, 888, 1),
(824, 4, 71, 895, 0, 895, 1),
(825, 4, 72, 901, 0, 901, 1),
(826, 4, 72, 907, 0, 907, 1),
(827, 4, 73, 914, 0, 914, 1),
(828, 4, 73, 920, 0, 920, 1),
(829, 4, 74, 926, 0, 926, 1),
(830, 4, 74, 932, 0, 932, 1),
(831, 4, 75, 939, 0, 939, 1),
(832, 4, 75, 945, 0, 945, 1),
(833, 4, 76, 951, 0, 951, 1),
(834, 4, 76, 958, 0, 958, 1),
(835, 4, 77, 964, 0, 964, 1),
(836, 4, 77, 970, 0, 970, 1),
(837, 4, 78, 977, 0, 977, 1),
(838, 4, 78, 983, 0, 983, 1),
(839, 4, 79, 989, 0, 989, 1),
(840, 4, 79, 995, 0, 995, 1),
(841, 4, 80, 1002, 0, 1002, 1),
(842, 4, 80, 1008, 0, 1008, 1),
(843, 4, 81, 1014, 0, 1014, 1),
(844, 4, 81, 1021, 0, 1021, 1),
(845, 4, 82, 1027, 0, 1027, 1),
(846, 4, 82, 1033, 0, 1033, 1),
(847, 4, 83, 1040, 0, 1040, 1),
(848, 4, 83, 1046, 0, 1046, 1),
(849, 4, 84, 1052, 0, 1052, 1),
(850, 5, 1, 7, 3.75, 10.75, 1),
(851, 5, 2, 10, 4, 14, 1),
(852, 5, 3, 13, 4.25, 17.25, 1),
(853, 5, 4, 16, 4.5, 20.5, 1),
(854, 5, 5, 19, 4.75, 23.75, 1),
(855, 5, 6, 22, 5, 27, 1),
(856, 5, 7, 25, 5.25, 30.25, 1),
(857, 5, 8, 28, 5.5, 33.5, 1),
(858, 5, 9, 31, 5.75, 36.75, 1),
(859, 5, 10, 34, 6, 40, 1),
(860, 5, 11, 37, 6.25, 43.25, 1),
(861, 5, 12, 40, 6.5, 46.5, 1),
(862, 5, 13, 43, 6.75, 49.75, 1),
(863, 5, 14, 46, 7, 53, 1),
(864, 5, 15, 49, 7.25, 56.25, 1),
(865, 5, 16, 52, 7.5, 59.5, 1),
(866, 5, 17, 55, 7.75, 62.75, 1),
(867, 5, 18, 58, 8, 66, 1),
(868, 5, 19, 61, 8.25, 69.25, 1),
(869, 5, 20, 64, 8.5, 72.5, 1),
(870, 5, 21, 67, 8.75, 75.75, 1),
(871, 5, 22, 70, 9, 79, 1),
(872, 5, 23, 73, 9.25, 82.25, 1),
(873, 5, 24, 76, 9.5, 85.5, 1),
(874, 5, 25, 79, 9.75, 88.75, 1),
(875, 5, 26, 82, 10, 92, 1),
(876, 5, 27, 85, 10.25, 95.25, 1),
(877, 5, 28, 88, 10.5, 98.5, 1),
(878, 5, 29, 91, 10.75, 101.75, 1),
(879, 5, 30, 94, 11, 105, 1),
(880, 5, 31, 97, 11.25, 108.25, 1),
(881, 5, 32, 100, 11.5, 111.5, 1),
(882, 5, 33, 103, 11.75, 114.75, 1),
(883, 5, 34, 106, 12, 118, 1),
(884, 5, 35, 109, 12.25, 121.25, 1),
(885, 5, 36, 112, 12.5, 124.5, 1),
(886, 5, 37, 115, 12.75, 127.75, 1),
(887, 5, 38, 118, 13, 131, 1),
(888, 5, 39, 121, 13.25, 134.25, 1),
(889, 5, 40, 124, 13.5, 137.5, 1),
(890, 5, 41, 127, 13.75, 140.75, 1),
(891, 5, 42, 130, 14, 144, 1),
(892, 5, 43, 133, 14.25, 147.25, 1),
(893, 5, 44, 136, 14.5, 150.5, 1),
(894, 5, 45, 139, 14.75, 153.75, 1),
(895, 5, 46, 142, 15, 157, 1),
(896, 5, 47, 145, 15.25, 160.25, 1),
(897, 5, 48, 148, 15.5, 163.5, 1),
(898, 5, 49, 151, 15.75, 166.75, 1),
(899, 5, 50, 154, 16, 170, 1),
(900, 5, 51, 157, 16.25, 173.25, 1),
(901, 5, 52, 160, 16.5, 176.5, 1),
(902, 5, 53, 163, 16.75, 179.75, 1),
(903, 5, 54, 166, 17, 183, 1),
(904, 5, 55, 169, 17.25, 186.25, 1),
(905, 5, 56, 172, 17.5, 189.5, 1),
(906, 5, 57, 175, 17.75, 192.75, 1),
(907, 5, 58, 178, 18, 196, 1),
(908, 5, 59, 181, 18.25, 199.25, 1),
(909, 5, 60, 184, 18.5, 202.5, 1),
(910, 5, 61, 187, 18.75, 205.75, 1),
(911, 5, 62, 190, 19, 209, 1),
(912, 5, 63, 193, 19.25, 212.25, 1),
(913, 5, 64, 196, 19.5, 215.5, 1),
(914, 5, 65, 199, 19.75, 218.75, 1),
(915, 5, 66, 202, 20, 222, 1),
(916, 5, 67, 205, 20.25, 225.25, 1),
(917, 5, 68, 208, 20.5, 228.5, 1),
(918, 5, 69, 211, 20.75, 231.75, 1),
(919, 5, 70, 214, 21, 235, 1),
(920, 5, 71, 217, 21.25, 238.25, 1),
(921, 5, 72, 220, 21.5, 241.5, 1),
(922, 5, 73, 223, 21.75, 244.75, 1),
(923, 5, 74, 226, 22, 248, 1),
(924, 5, 75, 229, 22.25, 251.25, 1),
(925, 5, 76, 232, 22.5, 254.5, 1),
(926, 5, 77, 235, 22.75, 257.75, 1),
(927, 5, 78, 238, 23, 261, 1),
(928, 5, 79, 241, 23.25, 264.25, 1),
(929, 5, 80, 244, 23.5, 267.5, 1),
(930, 5, 81, 247, 23.75, 270.75, 1),
(931, 5, 82, 250, 24, 274, 1),
(932, 5, 83, 253, 24.25, 277.25, 1),
(933, 5, 84, 256, 24.5, 280.5, 1),
(934, 5, 85, 259, 24.75, 283.75, 1),
(935, 5, 86, 262, 25, 287, 1),
(936, 5, 87, 265, 25.25, 290.25, 1),
(937, 5, 88, 268, 25.5, 293.5, 1),
(938, 5, 89, 271, 25.75, 296.75, 1),
(939, 5, 90, 274, 26, 300, 1),
(940, 5, 91, 277, 26.25, 303.25, 1),
(941, 5, 92, 280, 26.5, 306.5, 1),
(942, 5, 93, 283, 26.75, 309.75, 1),
(943, 5, 94, 286, 27, 313, 1),
(944, 5, 95, 289, 27.25, 316.25, 1),
(945, 5, 96, 292, 27.5, 319.5, 1),
(946, 5, 97, 295, 27.75, 322.75, 1),
(947, 5, 98, 298, 28, 326, 1),
(948, 5, 99, 301, 28.25, 329.25, 1),
(949, 5, 100, 304, 28.5, 332.5, 1),
(950, 5, 101, 307, 28.75, 335.75, 1),
(951, 5, 102, 310, 29, 339, 1),
(952, 5, 103, 313, 29.25, 342.25, 1),
(953, 5, 104, 316, 29.5, 345.5, 1),
(954, 5, 105, 319, 29.75, 348.75, 1),
(955, 5, 106, 322, 30, 352, 1),
(956, 5, 107, 325, 30.25, 355.25, 1),
(957, 5, 108, 328, 30.5, 358.5, 1),
(958, 5, 109, 331, 30.75, 361.75, 1),
(959, 5, 110, 334, 31, 365, 1),
(960, 5, 111, 337, 31.25, 368.25, 1),
(961, 5, 112, 340, 31.5, 371.5, 1),
(962, 5, 113, 343, 31.75, 374.75, 1),
(963, 5, 114, 346, 32, 378, 1),
(964, 5, 115, 349, 32.25, 381.25, 1),
(965, 5, 116, 352, 32.5, 384.5, 1),
(966, 5, 117, 355, 32.75, 387.75, 1),
(967, 5, 118, 358, 33, 391, 1),
(968, 5, 119, 361, 33.25, 394.25, 1),
(969, 5, 120, 364, 33.5, 397.5, 1),
(970, 5, 121, 367, 33.75, 400.75, 1),
(971, 5, 122, 370, 34, 404, 1),
(972, 5, 123, 373, 34.25, 407.25, 1),
(973, 5, 124, 376, 34.5, 410.5, 1),
(974, 5, 125, 379, 34.75, 413.75, 1),
(975, 5, 126, 382, 35, 417, 1),
(976, 5, 127, 385, 35.25, 420.25, 1),
(977, 5, 128, 388, 35.5, 423.5, 1),
(978, 5, 129, 391, 35.75, 426.75, 1),
(979, 5, 130, 394, 36, 430, 1),
(980, 5, 131, 397, 36.25, 433.25, 1),
(981, 5, 132, 400, 36.5, 436.5, 1),
(982, 5, 133, 403, 36.75, 439.75, 1),
(983, 5, 134, 406, 37, 443, 1),
(984, 5, 135, 409, 37.25, 446.25, 1),
(985, 5, 136, 412, 37.5, 449.5, 1),
(986, 5, 137, 415, 37.75, 452.75, 1),
(987, 5, 138, 418, 38, 456, 1),
(988, 5, 139, 421, 38.25, 459.25, 1),
(989, 5, 140, 424, 38.5, 462.5, 1),
(990, 5, 141, 427, 38.75, 465.75, 1),
(991, 5, 142, 430, 39, 469, 1),
(992, 5, 143, 433, 39.25, 472.25, 1),
(993, 5, 144, 436, 39.5, 475.5, 1),
(994, 5, 145, 439, 39.75, 478.75, 1),
(995, 5, 146, 442, 40, 482, 1),
(996, 5, 147, 445, 40.25, 485.25, 1),
(997, 5, 148, 448, 40.5, 488.5, 1),
(998, 5, 149, 451, 40.75, 491.75, 1),
(999, 5, 150, 454, 41, 495, 1),
(1000, 5, 151, 457, 41.25, 498.25, 1),
(1001, 5, 152, 460, 41.5, 501.5, 1),
(1002, 5, 153, 463, 41.75, 504.75, 1),
(1003, 5, 154, 466, 42, 508, 1),
(1004, 5, 155, 469, 42.25, 511.25, 1),
(1005, 5, 156, 472, 42.5, 514.5, 1),
(1006, 5, 157, 475, 42.75, 517.75, 1),
(1007, 5, 158, 478, 43, 521, 1),
(1008, 5, 159, 481, 43.25, 524.25, 1),
(1009, 5, 160, 484, 43.5, 527.5, 1),
(1010, 5, 161, 487, 43.75, 530.75, 1),
(1011, 5, 162, 490, 44, 534, 1),
(1012, 5, 163, 493, 44.25, 537.25, 1),
(1013, 5, 164, 496, 44.5, 540.5, 1),
(1014, 5, 165, 499, 44.75, 543.75, 1),
(1015, 5, 166, 502, 45, 547, 1),
(1016, 5, 167, 505, 45.25, 550.25, 1),
(1017, 5, 168, 508, 45.5, 553.5, 1),
(1018, 5, 169, 511, 45.75, 556.75, 1),
(1019, 5, 170, 514, 46, 560, 1),
(1020, 5, 171, 517, 46.25, 563.25, 1),
(1021, 5, 172, 520, 46.5, 566.5, 1),
(1022, 5, 173, 523, 46.75, 569.75, 1),
(1023, 5, 174, 526, 47, 573, 1),
(1024, 5, 175, 529, 47.25, 576.25, 1),
(1025, 5, 176, 532, 47.5, 579.5, 1),
(1026, 5, 177, 535, 47.75, 582.75, 1),
(1027, 5, 178, 538, 48, 586, 1),
(1028, 5, 179, 541, 48.25, 589.25, 1),
(1029, 5, 180, 544, 48.5, 592.5, 1),
(1030, 5, 181, 547, 48.75, 595.75, 1),
(1031, 5, 182, 550, 49, 599, 1),
(1032, 5, 183, 553, 49.25, 602.25, 1),
(1033, 5, 184, 556, 49.5, 605.5, 1),
(1034, 5, 185, 559, 49.75, 608.75, 1),
(1035, 5, 186, 562, 50, 612, 1),
(1036, 5, 187, 565, 50.25, 615.25, 1),
(1037, 5, 188, 568, 50.5, 618.5, 1),
(1038, 5, 189, 571, 50.75, 621.75, 1),
(1039, 5, 190, 574, 51, 625, 1),
(1040, 5, 191, 577, 51.25, 628.25, 1),
(1041, 5, 192, 580, 51.5, 631.5, 1),
(1042, 5, 193, 583, 51.75, 634.75, 1),
(1043, 5, 194, 586, 52, 638, 1),
(1044, 5, 195, 589, 52.25, 641.25, 1),
(1045, 5, 196, 592, 52.5, 644.5, 1),
(1046, 5, 197, 595, 52.75, 647.75, 1),
(1047, 5, 198, 598, 53, 651, 1),
(1048, 5, 199, 601, 53.25, 654.25, 1),
(1049, 5, 200, 604, 53.5, 657.5, 1),
(1050, 5, 201, 607, 53.75, 660.75, 1),
(1051, 5, 202, 610, 54, 664, 1),
(1052, 5, 203, 613, 54.25, 667.25, 1),
(1053, 5, 204, 616, 54.5, 670.5, 1),
(1054, 5, 205, 619, 54.75, 673.75, 1),
(1055, 5, 206, 622, 55, 677, 1),
(1056, 5, 207, 625, 55.25, 680.25, 1),
(1057, 5, 208, 628, 55.5, 683.5, 1),
(1058, 5, 209, 631, 55.75, 686.75, 1),
(1059, 5, 210, 634, 56, 690, 1),
(1060, 5, 211, 637, 56.25, 693.25, 1),
(1061, 5, 212, 640, 56.5, 696.5, 1),
(1062, 5, 213, 643, 56.75, 699.75, 1),
(1063, 5, 214, 646, 57, 703, 1),
(1064, 5, 215, 649, 57.25, 706.25, 1),
(1065, 5, 216, 652, 57.5, 709.5, 1),
(1066, 5, 217, 655, 57.75, 712.75, 1),
(1067, 5, 218, 658, 58, 716, 1),
(1068, 5, 219, 661, 58.25, 719.25, 1),
(1069, 5, 220, 664, 58.5, 722.5, 1),
(1070, 5, 221, 667, 58.75, 725.75, 1),
(1071, 5, 222, 670, 59, 729, 1),
(1072, 5, 223, 673, 59.25, 732.25, 1),
(1073, 5, 224, 676, 59.5, 735.5, 1),
(1074, 5, 225, 679, 59.75, 738.75, 1),
(1075, 5, 226, 682, 60, 742, 1),
(1076, 5, 227, 685, 60.25, 745.25, 1),
(1077, 5, 228, 688, 60.5, 748.5, 1),
(1078, 5, 229, 691, 60.75, 751.75, 1),
(1079, 5, 230, 694, 61, 755, 1),
(1080, 5, 231, 697, 61.25, 758.25, 1),
(1081, 5, 232, 700, 61.5, 761.5, 1),
(1082, 5, 233, 703, 61.75, 764.75, 1),
(1083, 5, 234, 706, 62, 768, 1),
(1084, 5, 235, 709, 62.25, 771.25, 1),
(1085, 5, 236, 712, 62.5, 774.5, 1),
(1086, 5, 237, 715, 62.75, 777.75, 1),
(1087, 5, 238, 718, 63, 781, 1),
(1088, 5, 239, 721, 63.25, 784.25, 1),
(1089, 5, 240, 724, 63.5, 787.5, 1),
(1090, 5, 241, 727, 63.75, 790.75, 1),
(1091, 5, 242, 730, 64, 794, 1),
(1092, 5, 243, 733, 64.25, 797.25, 1),
(1093, 5, 244, 736, 64.5, 800.5, 1),
(1094, 5, 245, 739, 64.75, 803.75, 1),
(1095, 5, 246, 742, 65, 807, 1),
(1096, 5, 247, 745, 65.25, 810.25, 1),
(1097, 5, 248, 748, 65.5, 813.5, 1),
(1098, 5, 249, 751, 65.75, 816.75, 1),
(1099, 5, 250, 754, 66, 820, 1),
(1100, 5, 251, 757, 66.25, 823.25, 1),
(1101, 5, 252, 760, 66.5, 826.5, 1),
(1102, 5, 253, 763, 66.75, 829.75, 1),
(1103, 5, 254, 766, 67, 833, 1),
(1104, 5, 255, 769, 67.25, 836.25, 1),
(1105, 5, 256, 772, 67.5, 839.5, 1),
(1106, 5, 257, 775, 67.75, 842.75, 1),
(1107, 5, 258, 778, 68, 846, 1),
(1108, 5, 259, 781, 68.25, 849.25, 1),
(1109, 5, 260, 784, 68.5, 852.5, 1),
(1110, 5, 261, 787, 68.75, 855.75, 1),
(1111, 5, 262, 790, 69, 859, 1),
(1112, 5, 263, 793, 69.25, 862.25, 1),
(1113, 5, 264, 796, 69.5, 865.5, 1),
(1114, 5, 265, 799, 69.75, 868.75, 1),
(1115, 5, 266, 802, 70, 872, 1),
(1116, 5, 267, 805, 70.25, 875.25, 1),
(1117, 5, 268, 808, 70.5, 878.5, 1),
(1118, 5, 269, 811, 70.75, 881.75, 1),
(1119, 5, 270, 814, 71, 885, 1),
(1120, 5, 271, 817, 71.25, 888.25, 1),
(1121, 5, 272, 820, 71.5, 891.5, 1),
(1122, 5, 273, 823, 71.75, 894.75, 1),
(1123, 5, 274, 826, 72, 898, 1),
(1124, 5, 275, 829, 72.25, 901.25, 1),
(1125, 5, 276, 832, 72.5, 904.5, 1),
(1126, 5, 277, 835, 72.75, 907.75, 1),
(1127, 5, 278, 838, 73, 911, 1),
(1128, 5, 279, 841, 73.25, 914.25, 1),
(1129, 5, 280, 844, 73.5, 917.5, 1),
(1130, 5, 281, 847, 73.75, 920.75, 1),
(1131, 5, 282, 850, 74, 924, 1),
(1132, 5, 283, 853, 74.25, 927.25, 1),
(1133, 5, 284, 856, 74.5, 930.5, 1),
(1134, 5, 285, 859, 74.75, 933.75, 1),
(1135, 5, 286, 862, 75, 937, 1),
(1136, 5, 287, 865, 75.25, 940.25, 1),
(1137, 5, 288, 868, 75.5, 943.5, 1),
(1138, 5, 289, 871, 75.75, 946.75, 1),
(1139, 5, 290, 874, 76, 950, 1),
(1140, 5, 291, 877, 76.25, 953.25, 1),
(1141, 5, 292, 880, 76.5, 956.5, 1),
(1142, 5, 293, 883, 76.75, 959.75, 1),
(1143, 5, 294, 886, 77, 963, 1),
(1144, 5, 295, 889, 77.25, 966.25, 1),
(1145, 5, 296, 892, 77.5, 969.5, 1),
(1146, 5, 297, 895, 77.75, 972.75, 1),
(1147, 5, 298, 898, 78, 976, 1),
(1148, 5, 299, 901, 78.25, 979.25, 1),
(1149, 5, 300, 904, 78.5, 982.5, 1),
(1150, 5, 301, 907, 78.75, 985.75, 1),
(1151, 5, 302, 910, 79, 989, 1),
(1152, 5, 303, 913, 79.25, 992.25, 1),
(1153, 5, 304, 916, 79.5, 995.5, 1),
(1154, 5, 305, 919, 79.75, 998.75, 1),
(1155, 5, 306, 922, 80, 1002, 1),
(1156, 5, 307, 925, 80.25, 1005.25, 1),
(1157, 5, 308, 928, 80.5, 1008.5, 1),
(1158, 5, 309, 931, 80.75, 1011.75, 1),
(1159, 5, 310, 934, 81, 1015, 1),
(1160, 5, 311, 937, 81.25, 1018.25, 1),
(1161, 5, 312, 940, 81.5, 1021.5, 1),
(1162, 5, 313, 943, 81.75, 1024.75, 1),
(1163, 5, 314, 946, 82, 1028, 1),
(1164, 5, 315, 949, 82.25, 1031.25, 1),
(1165, 5, 316, 952, 82.5, 1034.5, 1),
(1166, 5, 317, 955, 82.75, 1037.75, 1),
(1167, 5, 318, 958, 83, 1041, 1),
(1168, 5, 319, 961, 83.25, 1044.25, 1),
(1169, 5, 320, 964, 83.5, 1047.5, 1),
(1170, 5, 321, 967, 83.75, 1050.75, 1),
(1171, 5, 322, 970, 84, 1054, 1),
(1172, 5, 323, 973, 84.25, 1057.25, 1),
(1173, 5, 324, 976, 84.5, 1060.5, 1),
(1174, 5, 325, 979, 84.75, 1063.75, 1),
(1175, 5, 326, 982, 85, 1067, 1),
(1176, 5, 327, 985, 85.25, 1070.25, 1),
(1177, 5, 328, 988, 85.5, 1073.5, 1),
(1178, 5, 329, 991, 85.75, 1076.75, 1),
(1179, 5, 330, 994, 86, 1080, 1),
(1180, 5, 331, 997, 86.25, 1083.25, 1),
(1181, 5, 332, 1000, 86.5, 1086.5, 1),
(1182, 5, 333, 1003, 86.75, 1089.75, 1),
(1183, 5, 334, 1006, 87, 1093, 1),
(1184, 5, 335, 1009, 87.25, 1096.25, 1),
(1185, 5, 336, 1012, 87.5, 1099.5, 1),
(1186, 5, 337, 1015, 87.75, 1102.75, 1),
(1187, 5, 338, 1018, 88, 1106, 1),
(1188, 5, 339, 1021, 88.25, 1109.25, 1),
(1189, 5, 340, 1024, 88.5, 1112.5, 1),
(1190, 5, 341, 1027, 88.75, 1115.75, 1),
(1191, 5, 342, 1030, 89, 1119, 1),
(1192, 5, 343, 1033, 89.25, 1122.25, 1),
(1193, 5, 344, 1036, 89.5, 1125.5, 1),
(1194, 5, 345, 1039, 89.75, 1128.75, 1),
(1195, 5, 346, 1042, 90, 1132, 1),
(1196, 5, 347, 1045, 90.25, 1135.25, 1),
(1197, 5, 348, 1048, 90.5, 1138.5, 1),
(1198, 5, 349, 1051, 90.75, 1141.75, 1),
(1199, 6, 1, 13.375, 0, 14.375, 1),
(1200, 6, 2, 19.25, 0, 20.375, 1),
(1201, 6, 2, 25.375, 0, 26.375, 1),
(1202, 6, 3, 31.25, 0, 32.375, 1),
(1203, 6, 3, 37.25, 0, 38.375, 1),
(1204, 6, 4, 43.125, 0, 44.375, 1),
(1205, 6, 4, 49.375, 0, 50.375, 1),
(1206, 6, 5, 55.25, 0, 56.375, 1),
(1207, 6, 5, 61, 0, 62.375, 1),
(1208, 6, 6, 67, 0, 68.375, 1),
(1209, 6, 6, 72.75, 0, 74.375, 1),
(1210, 6, 7, 78.625, 0, 80.375, 1),
(1211, 6, 7, 84.625, 0, 86.375, 1),
(1212, 6, 8, 90.5, 0, 92.375, 1),
(1213, 6, 8, 96.5, 0, 98.375, 1),
(1214, 6, 9, 102.375, 0, 104.375, 1),
(1215, 6, 9, 108.25, 0, 110.375, 1),
(1216, 6, 10, 114.25, 0, 116.375, 1),
(1217, 6, 10, 120.125, 0, 122.375, 1),
(1218, 6, 11, 126, 0, 128.375, 1),
(1219, 6, 11, 132, 0, 134.375, 1),
(1220, 6, 12, 137.875, 0, 140.375, 1),
(1221, 6, 12, 143.75, 0, 146.375, 1),
(1222, 6, 13, 149.625, 0, 152.375, 1),
(1223, 6, 13, 155.75, 0, 158.375, 1),
(1224, 6, 14, 161.5, 0, 164.375, 1),
(1225, 6, 14, 167.375, 0, 170.375, 1),
(1226, 6, 15, 173.25, 0, 176.375, 1),
(1227, 6, 15, 179.625, 0, 182.375, 1),
(1228, 6, 16, 185.5, 0, 188.375, 1),
(1229, 6, 16, 191.5, 0, 194.375, 1),
(1230, 6, 17, 197.375, 0, 200.375, 1),
(1231, 6, 17, 203.625, 0, 206.375, 1),
(1232, 6, 18, 209.5, 0, 212.375, 1),
(1233, 6, 18, 215.5, 0, 218.375, 1),
(1234, 6, 19, 221.375, 0, 224.375, 1),
(1235, 6, 19, 227.5, 0, 230.375, 1),
(1236, 6, 20, 233.375, 0, 236.375, 1),
(1237, 6, 20, 239.375, 0, 242.375, 1),
(1238, 6, 21, 245.25, 0, 248.375, 1),
(1239, 6, 21, 251.5, 0, 254.375, 1),
(1240, 6, 22, 257.375, 0, 260.375, 1),
(1241, 6, 22, 263.125, 0, 266.375, 1),
(1242, 6, 23, 269.125, 0, 272.375, 1),
(1243, 6, 23, 274.875, 0, 278.375, 1),
(1244, 6, 24, 280.75, 0, 284.375, 1),
(1245, 6, 24, 286.75, 0, 290.375, 1),
(1246, 6, 25, 292.625, 0, 296.375, 1),
(1247, 6, 25, 298.625, 0, 302.375, 1),
(1248, 6, 26, 304.5, 0, 308.375, 1),
(1249, 6, 26, 310.375, 0, 314.375, 1),
(1250, 6, 27, 316.375, 0, 320.375, 1),
(1251, 6, 27, 322.25, 0, 326.375, 1),
(1252, 6, 28, 328.125, 0, 332.375, 1),
(1253, 6, 28, 334.125, 0, 338.375, 1),
(1254, 6, 29, 340, 0, 344.375, 1),
(1255, 6, 29, 345.875, 0, 350.375, 1),
(1256, 6, 30, 351.75, 0, 356.375, 1),
(1257, 6, 30, 357.875, 0, 362.375, 1),
(1258, 6, 31, 363.625, 0, 368.375, 1),
(1259, 6, 31, 369.5, 0, 374.375, 1),
(1260, 6, 32, 375.375, 0, 380.375, 1),
(1261, 6, 32, 381.75, 0, 386.375, 1),
(1262, 6, 33, 387.625, 0, 392.375, 1),
(1263, 6, 33, 393.625, 0, 398.375, 1),
(1264, 6, 34, 399.5, 0, 404.375, 1),
(1265, 6, 34, 405.75, 0, 410.375, 1),
(1266, 6, 35, 411.625, 0, 416.375, 1),
(1267, 6, 35, 417.625, 0, 422.375, 1),
(1268, 6, 36, 423.5, 0, 428.375, 1),
(1269, 6, 36, 429.625, 0, 434.375, 1),
(1270, 6, 37, 435.5, 0, 440.375, 1),
(1271, 6, 37, 441.5, 0, 446.375, 1),
(1272, 6, 38, 447.375, 0, 452.375, 1),
(1273, 6, 38, 453.625, 0, 458.375, 1),
(1274, 6, 39, 459.5, 0, 464.375, 1),
(1275, 6, 39, 465.25, 0, 470.375, 1),
(1276, 6, 40, 471.25, 0, 476.375, 1),
(1277, 6, 40, 477, 0, 482.375, 1),
(1278, 6, 41, 482.875, 0, 488.375, 1),
(1279, 6, 41, 488.875, 0, 494.375, 1),
(1280, 6, 42, 494.75, 0, 500.375, 1),
(1281, 6, 42, 500.75, 0, 506.375, 1),
(1282, 6, 43, 506.625, 0, 512.375, 1),
(1283, 6, 43, 512.5, 0, 518.375, 1),
(1284, 6, 44, 518.5, 0, 524.375, 1),
(1285, 6, 44, 524.375, 0, 530.375, 1),
(1286, 6, 45, 530.25, 0, 536.375, 1),
(1287, 6, 45, 536.25, 0, 542.375, 1),
(1288, 6, 46, 542.125, 0, 548.375, 1),
(1289, 6, 46, 548, 0, 554.375, 1),
(1290, 6, 47, 553.875, 0, 560.375, 1),
(1291, 6, 47, 560, 0, 566.375, 1),
(1292, 6, 48, 565.75, 0, 572.375, 1),
(1293, 6, 48, 571.625, 0, 578.375, 1),
(1294, 6, 49, 577.5, 0, 584.375, 1),
(1295, 6, 49, 583.875, 0, 590.375, 1),
(1296, 6, 50, 589.75, 0, 596.375, 1),
(1297, 6, 50, 595.75, 0, 602.375, 1),
(1298, 6, 51, 601.625, 0, 608.375, 1),
(1299, 6, 51, 607.875, 0, 614.375, 1),
(1300, 6, 52, 613.75, 0, 620.375, 1),
(1301, 6, 52, 619.75, 0, 626.375, 1),
(1302, 6, 53, 625.625, 0, 632.375, 1),
(1303, 6, 53, 631.75, 0, 638.375, 1),
(1304, 6, 54, 637.625, 0, 644.375, 1),
(1305, 6, 54, 643.625, 0, 650.375, 1),
(1306, 6, 55, 649.5, 0, 656.375, 1),
(1307, 6, 55, 655.75, 0, 662.375, 1),
(1308, 6, 56, 661.625, 0, 668.375, 1),
(1309, 6, 56, 667.375, 0, 674.375, 1),
(1310, 6, 57, 673.375, 0, 680.375, 1),
(1311, 6, 57, 679.125, 0, 686.375, 1),
(1312, 6, 58, 685, 0, 692.375, 1),
(1313, 6, 58, 691, 0, 698.375, 1),
(1314, 6, 59, 696.875, 0, 704.375, 1),
(1315, 6, 59, 702.875, 0, 710.375, 1),
(1316, 6, 60, 708.75, 0, 716.375, 1),
(1317, 6, 60, 714.625, 0, 722.375, 1),
(1318, 6, 61, 720.625, 0, 728.375, 1),
(1319, 6, 61, 726.5, 0, 734.375, 1),
(1320, 6, 62, 732.375, 0, 740.375, 1),
(1321, 6, 62, 738.375, 0, 746.375, 1),
(1322, 6, 63, 744.25, 0, 752.375, 1),
(1323, 6, 63, 750.125, 0, 758.375, 1),
(1324, 6, 64, 756, 0, 764.375, 1),
(1325, 6, 64, 762.125, 0, 770.375, 1),
(1326, 6, 65, 767.875, 0, 776.375, 1),
(1327, 6, 65, 773.75, 0, 782.375, 1),
(1328, 6, 66, 779.625, 0, 788.375, 1),
(1329, 6, 66, 786, 0, 794.375, 1),
(1330, 6, 67, 791.875, 0, 800.375, 1),
(1331, 6, 67, 797.875, 0, 806.375, 1),
(1332, 6, 68, 803.75, 0, 812.375, 1),
(1333, 6, 68, 810, 0, 818.375, 1),
(1334, 6, 69, 815.875, 0, 824.375, 1),
(1335, 6, 69, 821.875, 0, 830.375, 1),
(1336, 6, 70, 827.75, 0, 836.375, 1),
(1337, 6, 70, 833.875, 0, 842.375, 1),
(1338, 6, 71, 839.75, 0, 848.375, 1),
(1339, 6, 71, 845.75, 0, 854.375, 1),
(1340, 6, 72, 851.625, 0, 860.375, 1),
(1341, 6, 72, 857.875, 0, 866.375, 1),
(1342, 6, 73, 863.75, 0, 872.375, 1),
(1343, 6, 73, 869.5, 0, 878.375, 1),
(1344, 6, 74, 875.5, 0, 884.375, 1),
(1345, 6, 74, 881.25, 0, 890.375, 1),
(1346, 6, 75, 887.125, 0, 896.375, 1),
(1347, 6, 75, 893.125, 0, 902.375, 1),
(1348, 6, 76, 899, 0, 908.375, 1),
(1349, 6, 76, 905, 0, 914.375, 1),
(1350, 6, 77, 910.875, 0, 920.375, 1),
(1351, 6, 77, 916.75, 0, 926.375, 1),
(1352, 6, 78, 922.75, 0, 932.375, 1),
(1353, 6, 78, 928.625, 0, 938.375, 1),
(1354, 6, 79, 934.5, 0, 944.375, 1),
(1355, 6, 79, 940.5, 0, 950.375, 1),
(1356, 6, 80, 946.375, 0, 956.375, 1),
(1357, 6, 80, 952.25, 0, 962.375, 1),
(1358, 6, 81, 958.125, 0, 968.375, 1),
(1359, 6, 81, 964.25, 0, 974.375, 1),
(1360, 6, 82, 970, 0, 980.375, 1),
(1361, 6, 82, 975.875, 0, 986.375, 1),
(1362, 6, 83, 981.75, 0, 992.375, 1),
(1363, 6, 83, 988.125, 0, 998.375, 1),
(1364, 6, 84, 994, 0, 1004.38, 1),
(1365, 6, 84, 1000, 0, 1010.38, 1),
(1366, 6, 85, 1005.88, 0, 1016.38, 1),
(1367, 6, 85, 1012.12, 0, 1022.38, 1),
(1368, 6, 86, 1018, 0, 1028.38, 1),
(1369, 6, 86, 1024, 0, 1034.38, 1),
(1370, 6, 87, 1029.88, 0, 1040.38, 1),
(1371, 6, 87, 1036, 0, 1046.38, 1),
(1372, 6, 88, 1041.88, 0, 1052.38, 1),
(1373, 6, 88, 1047.88, 0, 1058.38, 1),
(1374, 6, 89, 1053.75, 0, 1064.38, 1);

INSERT IGNORE INTO `llx_ea_angulartypes` (`id`, `name`, `active`) VALUES
(1, '1x3', 1),
(2, '2x3', 1),
(3, '2x5', 1),
(4, '2x7', 1);

INSERT IGNORE INTO `llx_ea_lockins` (`id`, `name`, `active`) VALUES
(1, 'IN', 1),
(2, 'OUT', 1),
(3, 'OUT IN', 1);

INSERT IGNORE INTO `llx_ea_locksizes` (`id`, `size`, `active`) VALUES
(1, -4, 1),
(2, -6, 1),
(3, 0, 1);

INSERT IGNORE INTO `llx_ea_materials` (`id`, `name`, `active`) VALUES
(1, 'ALUMINUM', 1),
(2, 'FIBERGLASS', 1);
